time_step,time_sec,f_t,I_Ca_pA,n_Ca_excess_fmol,S_E_perturbed,S_E_control
0,0.0,0.0776130961596234,-18.967736993791725,0.09829370883449098,0.00024573427208618437,0.0
1,0.01,0.0811171149540994,-19.824078387236874,0.10273140066972519,0.0005025627737605953,0.0
2,0.02,0.0777864451022062,-19.010101456926918,0.09851324795007989,0.0007488458936358855,0.0
3,0.03,0.0792205864205907,-19.36058889635467,0.1003295273687862,0.0009996697120580045,0.0
4,0.04,0.074711560580822,-18.258635483092487,0.09461903655020204,0.0012362173034334845,0.0
5,0.05,0.076416378018192,-18.67527301431478,0.09677811584347193,0.0014781625930421205,0.0
6,0.06,0.0799058826835781,-19.528067323609264,0.1011974261471175,0.0017311561584097968,0.0
7,0.07,0.078804835182971,-19.258984134784605,0.09980299598271547,0.0019806636483666873,0.0
8,0.08,0.0760177139330783,-18.577844153858614,0.09627322461449248,0.002221346709902927,0.0
9,0.09,0.079070634840362,-19.323942476145746,0.10013962002459317,0.0024716957599644207,0.0
10,0.1,0.0784314150718041,-19.16772460762646,0.09933007518073515,0.002720020947916346,0.0
11,0.11,0.0821863437450898,-20.085385453920377,0.1040855337820406,0.002980234782371527,0.0
12,0.12,0.0795789579562079,-19.44817072687034,0.10078338978530518,0.00323219325683477,0.0
13,0.13,0.082079352876642,-20.059238131446836,0.1039500343651699,0.003492068342747845,0.0
14,0.14,0.0832781476349206,-20.35220961190162,0.10546825730373438,0.0037557389860071178,0.0
15,0.15,0.082651463883566,-20.199055400020562,0.1046745887962925,0.004017425457997881,0.0
16,0.16,0.0848774707864579,-20.743065568015677,0.10749373253881785,0.00428615978934499,0.0
17,0.17,0.0839672795175724,-20.520625419941187,0.10634101373239978,0.00455201232367608,0.0
18,0.18,0.0831365825527031,-20.317612754156336,0.10528897110512689,0.004815234751438857,0.0
19,0.19,0.0838677268559117,-20.496295908597787,0.10621493449032382,0.0050807720876646645,0.0
20,0.2,0.0862869963153198,-21.087537195104254,0.10927883709957119,0.0053539691804136424,0.0
21,0.21,0.083100775887216,-20.308862022035203,0.10524362347533402,0.005617078239101958,0.0
22,0.22,0.0844070654840671,-20.628103989393903,0.10689798408765042,0.005884323199321084,0.0
23,0.23,0.0854924217120309,-20.89335241388983,0.108272541917862,0.006155004554115662,0.0
24,0.24,0.0824991004411754,-20.161819548782375,0.10448162693051966,0.006416208621441988,0.0
25,0.25,0.0836540533552083,-20.444076592987063,0.10594432602470365,0.006681069436503817,0.0
26,0.26,0.0853987423557995,-20.87045827000604,0.10815390096909386,0.006951454188926509,0.0
27,0.27,0.0851466825980549,-20.808857800134497,0.10783467792990878,0.007221040883751417,0.0
28,0.28,0.0851861890130412,-20.818512707954262,0.10788471113620907,0.007490752661591937,0.0
29,0.29,0.0865982923632112,-21.163614324555024,0.10967308039879269,0.007764935362588932,0.0
30,0.3,0.0835381927882082,-20.41576161946392,0.10579759350916683,0.00802942934636186,0.0
31,0.31,0.0842266978034475,-20.584024228406964,0.10666955603672573,0.008296103236453578,0.0
32,0.32,0.0895849564354879,-21.893520247844588,0.11345556432525568,0.008579742147266645,0.0
33,0.33,0.0828543206828248,-20.248631239745205,0.10493149836630151,0.008842070893182452,0.0
34,0.34,0.0863140013340242,-21.094136907235885,0.1093130378153904,0.009115353487720967,0.0
35,0.35000000000000003,0.0826436088734581,-20.197135727011972,0.10466464075769276,0.009377015089615304,0.0
36,0.36,0.085974722975082,-21.011221226783377,0.10888335610086218,0.009649223479867408,0.0
37,0.37,0.0862172703432698,-21.07049697940714,0.10919053210036347,0.009922199810118437,0.0
38,0.38,0.0863840563400964,-21.111257535016822,0.1094017595222927,0.010195704208924239,0.0
39,0.39,0.0850086378162858,-20.77512126282929,0.10765985004316365,0.010464853834032062,0.0
40,0.4,0.0837822333770331,-20.4754022978247,0.10610666060954915,0.010730120485555994,0.0
41,0.41000000000000003,0.0816275742776636,-19.94882870225434,0.10337787584730446,0.010988565175174325,0.0
42,0.42,0.0877969774451396,-21.45655900138687,0.11119116443689107,0.011266543086266512,0.0
43,0.43,0.0836332152306616,-20.438983997981797,0.10591793541991915,0.01153133792481631,0.0
44,0.44,0.0827642077921322,-20.226608698512052,0.10481737419553326,0.011793381360305166,0.0
45,0.45,0.0841816652409316,-20.573018794476052,0.10661252419793778,0.012059912670800088,0.0
46,0.46,0.0791034302400289,-19.33195728996285,0.10018115401338473,0.012310365555833536,0.0
47,0.47000000000000003,0.0811767116749349,-19.838643131879646,0.10280687740000852,0.012567382749333444,0.0
48,0.48,0.0826455054788874,-20.19759923529529,0.10466704272837897,0.012829050356154337,0.0
49,0.49,0.0800409198905205,-19.561068844646293,0.10136844506734877,0.013082471468822687,0.0
50,0.5,0.0775252854425533,-18.94627707698598,0.09818250026939929,0.013327927719496202,0.0
51,0.51,0.0808057750556383,-19.74799054121745,0.1023371018356089,0.0135837704740851,0.0
52,0.52,0.0798341867050061,-19.51054566125644,0.10110662621783927,0.013836537039629726,0.0
53,0.53,0.0814420752246591,-19.903494893604954,0.10314294912994225,0.014094394412454636,0.0
54,0.54,0.080172020820858,-19.593108385514096,0.10153447885948123,0.01434823060960333,0.0
55,0.55,0.0780625777795355,-19.077585068045863,0.09886295832536593,0.01459538800541682,0.0
56,0.56,0.0834899015937848,-20.403959813837513,0.10573643475067375,0.014859729092293494,0.0
57,0.5700000000000001,0.077541576456535,-18.95025841111459,0.09820313215066896,0.015105236922670184,0.0
58,0.58,0.0774688703941688,-18.93248989604363,0.09811105299291925,0.015350514555152461,0.0
59,0.59,0.0808750625608828,-19.76492360073269,0.10242485153512304,0.015606576683990347,0.0
60,0.6,0.0794162981333453,-19.408418560133306,0.10057738798846093,0.01585802015396154,0.0
61,0.61,0.0804056291168812,-19.650199532985166,0.10183033390156586,0.016112595988715617,0.0
62,0.62,0.0791555367553494,-19.344691515591855,0.10024714471468028,0.016363213850502212,0.0
63,0.63,0.076461165340419,-18.686218514374595,0.09683483709579001,0.016605300943241752,0.0
64,0.64,0.080552784719902,-19.686162648920146,0.10201670025869383,0.016860342693888364,0.0
65,0.65,0.0729645873083762,-17.831695556629736,0.09240656867196836,0.01709135911556836,0.0
66,0.66,0.0742883320802328,-18.15520336551605,0.09408303552633078,0.01732656670438415,0.0
67,0.67,0.0743025070658078,-18.158667566940572,0.09410098754697918,0.017561819173251614,0.0
68,0.68,0.0733021826710489,-17.914199932390378,0.09283411894279099,0.01779390447060858,0.0
69,0.6900000000000001,0.0721053548811175,-17.621709156096742,0.09131838708657687,0.01802220043832503,0.0
70,0.7000000000000001,0.071156614436093,-17.389848038230923,0.09011684737643637,0.018247492556766165,0.0
71,0.71,0.0721530663306881,-17.63336927883153,0.0913788116226954,0.018475939585822942,0.0
72,0.72,0.0759515388269812,-18.561671728454993,0.09618941663706788,0.018716413127415676,0.0
73,0.73,0.0718854737485876,-17.567972767547758,0.09103991691738487,0.018944012919709263,0.0
74,0.74,0.0698232455437624,-17.06398820636164,0.08842819197990173,0.019165083399658944,0.0
75,0.75,0.0709545704559655,-17.340470842037703,0.0898609672075333,0.019389735817677778,0.0
76,0.76,0.0671632723205528,-16.413921722676946,0.08505944821825645,0.019602384438223486,0.0
77,0.77,0.0660001720964942,-16.12967357076724,0.08358643089997014,0.019811350515473447,0.0
78,0.78,0.0692528242679159,-16.924583888388444,0.0877057775218347,0.020030614959277937,0.0
79,0.79,0.0673555257639155,-16.460906225683424,0.08530292908578237,0.020243872281992425,0.0
80,0.8,0.0675283754363079,-16.50314867299747,0.0855218358967584,0.020457676871734165,0.0
81,0.81,0.0671577704155029,-16.412577121145567,0.0850524802878456,0.020670308072453847,0.0
82,0.8200000000000001,0.0662030741417081,-16.179260468076478,0.08384339777207069,0.020879916566883927,0.0
83,0.8300000000000001,0.0683005744519816,-16.691865121134523,0.08649979334163094,0.021096166050237897,0.0
84,0.84,0.0693319795122931,-16.943928508450224,0.08780602429626481,0.02131568111097859,0.0
85,0.85,0.0647521803934344,-15.824678929844934,0.08200590210833257,0.021520695866249384,0.0
86,0.86,0.0700008680711987,-17.107397083874456,0.0886531434102423,0.021742328724774995,0.0
87,0.87,0.0659837366937897,-16.125656949716003,0.08356561615648028,0.021951242765166135,0.0
88,0.88,0.0637496617229632,-15.57967503986024,0.0807362545466147,0.02215308340153277,0.0
89,0.89,0.0657068388795218,-16.057986348038323,0.08321493676757175,0.022361120743451757,0.0
90,0.9,0.0690166051122121,-16.86685467721163,0.08740661593621615,0.022579637283292375,0.0
91,0.91,0.0653722578345959,-15.97621863643704,0.08279120400288666,0.022786615293299617,0.0
92,0.92,0.066666143722978,-16.292429281871613,0.0844298558422118,0.022997689932905185,0.0
93,0.93,0.066519127182324,-16.256500151159873,0.08424366560169909,0.023208299096909468,0.0
94,0.9400000000000001,0.0646170511989587,-15.791654928125867,0.08183476668977492,0.023412886013633782,0.0
95,0.9500000000000001,0.0623831335929637,-15.245711476402597,0.07900560437582317,0.023610400024573375,0.0
96,0.96,0.0676531172056536,-16.533634108963366,0.08567981608002988,0.023824599564773452,0.0
97,0.97,0.0664511287217668,-16.23988211915688,0.0841575484228475,0.0240349934358306,0.0
98,0.98,0.0645493470838056,-15.775108830712341,0.08174902228694793,0.024239365991547968,0.0
99,0.99,0.0651130447903887,-15.912869986645129,0.08246292162846623,0.02444552329561911,0.0
100,1.0,0.0645524128525723,-15.775858068901872,0.08175290495362944,0.024649905558003282,0.0
101,1.01,0.0655237125048397,-16.013232394344055,0.08298301494711123,0.02485736309537112,0.0
102,1.02,0.0671411717209161,-16.408520593459627,0.08503145874208233,0.02506994174222632,0.0
103,1.03,0.0658972944458978,-16.10453147084329,0.08345614069981495,0.025278582093976043,0.0
104,1.04,0.0672069331291601,-16.42459191592495,0.08511474278864564,0.025491368950947613,0.0
105,1.05,0.0674095466378113,-16.47410829825792,0.0853713442413739,0.025704797311551064,0.0
106,1.06,0.0659825531752023,-16.12536771155384,0.08356411728016705,0.025913707604751424,0.0
107,1.07,0.0690655618092526,-16.878819123928714,0.0874686175256709,0.0261323791485657,0.0
108,1.08,0.067975757828786,-16.612483720509616,0.08608842680473451,0.02634760021557747,0.0
109,1.09,0.0692189095746069,-16.916295532237992,0.08766282599491108,0.0265667572805649,0.0
110,1.1,0.0682099004213102,-16.669705443824324,0.08638495851077538,0.02678271967684187,0.0
111,1.11,0.0711383003423281,-17.385372286959544,0.09009365335005205,0.027007953810216923,0.0
112,1.12,0.0699851566374929,-17.103557392416796,0.08863324554291753,0.02722953692407426,0.0
113,1.1300000000000001,0.0714666508753538,-17.465617333998956,0.0905094954345181,0.027455810662660562,0.0
114,1.1400000000000001,0.0731014729803359,-17.86514882099392,0.09257992859508689,0.027687260484148157,0.0
115,1.1500000000000001,0.0700277525729688,-17.113967343070613,0.08868719149645339,0.0279089784628892,0.0
116,1.16,0.0722436325704852,-17.655502613307135,0.09149350994096044,0.02813771223774153,0.0
117,1.17,0.0731705517253024,-17.88203086192798,0.09266741390852454,0.02836938077251272,0.0
118,1.18,0.067910380290773,-16.59650621145907,0.08600562891360868,0.02858439484479669,0.0
119,1.19,0.0728524372024471,-17.804287376588654,0.09226453529869232,0.028815056183043475,0.0
120,1.2,0.073836964683491,-18.04489442936226,0.0935113977787338,0.02904883467749031,0.0
121,1.21,0.0712100196604155,-17.402899653218178,0.09018448283784102,0.029274295884585078,0.0
122,1.22,0.0743944633052131,-18.181140601135617,0.09421744624105102,0.029509839500187596,0.0
123,1.23,0.0724765978431617,-17.712436613359483,0.09178855062113014,0.029739310876740532,0.0
124,1.24,0.0745833289857536,-18.22729717435462,0.09445663665002135,0.029975452468365416,0.0
125,1.25,0.0755639734204595,-18.466955255816437,0.09569858141584929,0.030214698921905092,0.0
126,1.26,0.0749787166905531,-18.323925325611366,0.09495737848168817,0.030452092368109307,0.0
127,1.27,0.0726018157833771,-17.743038419941517,0.0919471338547003,0.03068196020274605,0.0
128,1.28,0.0783020727372602,-19.136114847093957,0.09916626857591312,0.03092987587418594,0.0
129,1.29,0.0762050212735996,-18.62361988692186,0.09651044145163423,0.03117115197781517,0.0
130,1.3,0.0804165254065555,-19.652862459307876,0.10184413359230905,0.031425762311795946,0.0
131,1.31,0.0790021346970694,-19.307201838723703,0.10005286748574235,0.031675894480510336,0.0
132,1.32,0.0756699058951241,-18.49284391917304,0.09583274042168752,0.03191547633156466,0.0
133,1.33,0.0805293917596372,-19.68044568181325,0.10198707406235814,0.032170444016720534,0.0
134,1.34,0.0799973902762344,-19.550430713762783,0.10131331664902722,0.0324237273083432,0.0
135,1.35,0.0795021174498468,-19.429391801827464,0.10068607452882554,0.03267544249466536,0.0
136,1.36,0.0813786836072272,-19.888002720420857,0.10306266632337077,0.03293309916047371,0.0
137,1.37,0.0815302766077241,-19.925050284631045,0.10325465245701945,0.0331912357916162,0.0
138,1.3800000000000001,0.0840871950996098,-20.549931391923867,0.10649288175324592,0.033457467995999246,0.0
139,1.3900000000000001,0.0808912991815453,-19.76889164176744,0.10244541452955092,0.03371358153232307,0.0
140,1.4000000000000001,0.0857811427798579,-20.96391248107033,0.10863819495812992,0.03398517701971848,0.0
141,1.41,0.0848906162913827,-20.7462781763563,0.1075103807656957,0.034253952971632695,0.0
142,1.42,0.0811822041726005,-19.839985434355842,0.10281383341636442,0.03451098755517357,0.0
143,1.43,0.0807192984159147,-19.726856657381514,0.10222758282314097,0.03476655651223137,0.0
144,1.44,0.0828895208569514,-20.25723375243965,0.10497607790039722,0.03502899670698223,0.0
145,1.45,0.0840990941339354,-20.55283937736365,0.10650795137774603,0.0352952665854267,0.0
146,1.46,0.0828293794220334,-20.24253588601763,0.10489991131273063,0.03555751636370852,0.0
147,1.47,0.0845640118666911,-20.6664598578625,0.10709675005370005,0.03582525823884286,0.0
148,1.48,0.0853017092871305,-20.84674451785229,0.10803101268514428,0.03609533577055579,0.0
149,1.49,0.0830321634040794,-20.29209393006333,0.10515672866281459,0.036358227592212855,0.0
150,1.5,0.0848892337428752,-20.745940297599116,0.10750862982639331,0.036626999166778806,0.0
151,1.51,0.0831242487653285,-20.314598520133547,0.10527335088424909,0.03689018254398946,0.0
152,1.52,0.0854226006367924,-20.87628895608081,0.10818411647448209,0.03716064283517562,0.0
153,1.53,0.0838978509098556,-20.503657876624683,0.106253085332563,0.03742627554850697,0.0
154,1.54,0.085663308772493,-20.93511522170027,0.10848896316370558,0.03769749795641619,0.0
155,1.55,0.0864083180975553,-21.117186826041895,0.10943248601358707,0.03797107917145026,0.0
156,1.56,0.0884036079749881,-21.604812439426578,0.11195943638610446,0.038250977762415594,0.0
157,1.57,0.0836305891240592,-20.438342208105908,0.10591460956680264,0.03851576428633263,0.0
158,1.58,0.0841874161479782,-20.574424249196113,0.10661980747886259,0.03878231380502972,0.0
159,1.59,0.0836386308255408,-20.440307506312433,0.10592479404214351,0.03904712579013514,0.0
160,1.6,0.0854431583574874,-20.881313023649675,0.10821015195962934,0.03931765117003416,0.0
161,1.61,0.0827564208848697,-20.22470566904592,0.10480751240631145,0.03957966995105,0.0
162,1.62,0.0867225586484374,-21.193983557738548,0.10983045840150567,0.03985424609705379,0.0
163,1.6300000000000001,0.085714386857384,-20.947598110907094,0.10855365140129085,0.04012563022555693,0.0
164,1.6400000000000001,0.0831119089259495,-20.311582807071336,0.10525772299876321,0.040388774533053784,0.0
165,1.6500000000000001,0.082417081144162,-20.141774987604638,0.10437775295436927,0.04064971891543978,0.0
166,1.6600000000000001,0.0851330080625142,-20.805515902871242,0.10781735970809579,0.04091926231470999,0.0
167,1.67,0.0840416840638682,-20.538809024707827,0.10643524394832268,0.04118535042458071,0.0
168,1.68,0.0862590443883729,-21.080706069623723,0.10924343716444901,0.0414584590174919,0.0
169,1.69,0.0822448281251513,-20.09967835542981,0.1041596017797057,0.041718858021941196,0.0
170,1.7,0.0832421634794167,-20.343415503287044,0.10542268489033033,0.04198241473416697,0.0
171,1.71,0.0823143463643416,-20.116667803634797,0.10424764369401875,0.042243033843402,0.0
172,1.72,0.0851992357142691,-20.82170116982181,0.1079012342323771,0.04251278692898286,0.0
173,1.73,0.0847559377831655,-20.71336431711112,0.1073398161222528,0.042781136469288605,0.0
174,1.74,0.082059539991316,-20.054396092969476,0.10392494218256451,0.04304094882474496,0.0
175,1.75,0.0820525316066454,-20.05268332535987,0.1039160663593298,0.04330073899064335,0.0
176,1.76,0.0803508340459605,-19.636808255672342,0.10176093825813518,0.04355514133628868,0.0
177,1.77,0.0791553558300054,-19.344647299544423,0.1002469155803722,0.04380575862523961,0.0
178,1.78,0.0811765243376107,-19.838597348818926,0.10280664014519834,0.044062775225602646,0.0
179,1.79,0.080361849700476,-19.639500353372394,0.1017748891194092,0.044317212448401255,0.0
180,1.8,0.0794816885747616,-19.424399222625386,0.10066020222120219,0.044568862953954236,0.0
181,1.81,0.0762626794114456,-18.637710864454377,0.09658346304842398,0.04481032161157539,0.0
182,1.82,0.0805168482995355,-19.67738020621733,0.1019711882998255,0.04506524958232505,0.0
183,1.83,0.0740818978743413,-18.10475324926481,0.09382159532188843,0.04529980357062979,0.0
184,1.84,0.075688413112082,-18.49736686750412,0.09585617903044057,0.045539444018205866,0.0
185,1.85,0.0804227344916963,-19.65437988741924,0.10185199713644212,0.04579407401104707,0.0
186,1.86,0.0752795370931474,-18.39744232932733,0.09533835481850718,0.04603241989809337,0.0
187,1.87,0.0779811890993151,-19.05769462226958,0.0987598829987541,0.046279319605590175,0.0
188,1.8800000000000001,0.073812406492939,-18.038892693540816,0.09348029586744476,0.04651302034525884,0.0
189,1.8900000000000001,0.0756035986258207,-18.476639194620667,0.09574876506514311,0.046752392257921604,0.0
190,1.9000000000000001,0.0760293082718584,-18.580677675254865,0.09628790835495085,0.04699311202880907,0.0
191,1.9100000000000001,0.0746261796123713,-18.237769368557927,0.09451090515913317,0.04722938929170695,0.0
192,1.92,0.0731361292749371,-17.873618415865163,0.0926238193287307,0.047460948840028716,0.0
193,1.93,0.0724326581508008,-17.701698264169345,0.0917329028562437,0.04769028109716933,0.0
194,1.94,0.0750352315593786,-18.337736901507217,0.09502895217654152,0.04792785347761086,0.0
195,1.95,0.0732164646613643,-17.893251448902678,0.092725560703232,0.04815966737936905,0.0
196,1.96,0.0721610950800137,-17.635331411681946,0.09138897969467764,0.04838813982860568,0.0
197,1.97,0.0728758125575507,-17.810000041199142,0.09229413919883477,0.048618875176602905,0.0
198,1.98,0.0725118069402739,-17.721041306727713,0.0918331414558103,0.0488484580302424,0.0
199,1.99,0.0720206807750935,-17.601015790508754,0.09121115090692207,0.04907648590750979,0.0
200,2.0,0.073738473116941,-18.02082423730878,0.09338666236880748,0.049309952563431736,0.0
201,2.0100000000000002,0.0709608167422162,-17.341997361667172,0.08986887786530119,0.049534624758095,0.0
202,2.02,0.0691058972358548,-16.88867663253459,0.08751970064017511,0.0497534240096954,0.0
203,2.0300000000000002,0.0685237660706845,-16.74641055395772,0.08678245610176567,0.04997038014994981,0.0
204,2.04,0.0676855939288404,-16.541571041959326,0.08572094647851648,0.05018468251614616,0.0
205,2.05,0.0686764658457212,-16.783728600978424,0.08697584391863204,0.05040212212594264,0.0
206,2.06,0.0700492125486086,-17.119211911242353,0.08871436964938774,0.05062390805006611,0.0
207,2.07,0.0697646038234273,-17.049656852721377,0.08835392471742434,0.05084479286185972,0.0
208,2.08,0.0680198296915563,-16.623254370608862,0.0861442419578632,0.05106015346675441,0.0
209,2.09,0.0674364150241764,-16.480674619036737,0.08540537191810509,0.05127366689654966,0.0
210,2.1,0.068005997905688,-16.619874043196525,0.08612672458515067,0.05148898370801269,0.0
211,2.11,0.0684999060209086,-16.740579435612986,0.08675223835628847,0.05170586430390334,0.0
212,2.12,0.0654577090485666,-15.997101918158757,0.08289942435694023,0.05191311286479561,0.0
213,2.13,0.0673679443476327,-16.463941182945014,0.08531865669764738,0.052126409506539684,0.0
214,2.14,0.0640622837047496,-15.6560762121161,0.08113217708512256,0.05232923994925254,0.0
215,2.15,0.0625797783209036,-15.293769158228718,0.07925464661983063,0.052527376565802086,0.0
216,2.16,0.0665335937465207,-16.26003561100447,0.08426198689435906,0.05273803153303802,0.0
217,2.17,0.0646954957128643,-15.810825853935944,0.08193411335407548,0.05294286681642335,0.0
218,2.18,0.0653163534410023,-15.962556253579647,0.08272040344913534,0.053149667825046154,0.0
219,2.19,0.0629573680928509,-15.386047701931092,0.07973284812111257,0.05334899994534881,0.0
220,2.2,0.068622758213782,-16.77060308109081,0.08690782547075096,0.053566269509025655,0.0
221,2.21,0.0658224655254445,-16.086244153973876,0.08336137303194215,0.05377467294160554,0.0
222,2.22,0.0694830100180444,-16.98083860549414,0.0879972980540713,0.05399466618674076,0.0
223,2.23,0.0656493944594543,-16.04394760064238,0.08314218583532353,0.054202521651328994,0.0
224,2.24,0.0624184475122778,-15.254341787096456,0.07905032796339563,0.05440014747123734,0.0
225,2.25,0.0633085809290772,-15.471880029669746,0.08017764434715109,0.054600591582105396,0.0
226,2.2600000000000002,0.0667475478011511,-16.312323490728247,0.0845329506696805,0.05481192395877954,0.0
227,2.27,0.0645095678144364,-15.765387240458452,0.08169864352209386,0.05501617056758479,0.0
228,2.2800000000000002,0.0693695452667389,-16.95310914143046,0.08785359973794094,0.05523580456692956,0.0
229,2.29,0.0639602018276355,-15.63112858996545,0.08100289469847878,0.055438311803675866,0.0
230,2.3000000000000003,0.0671710546329993,-16.415823629223553,0.08506930418833784,0.055650985064146674,0.0
231,2.31,0.0700421492720112,-17.11748572868499,0.08870542430784573,0.0558727486249162,0.0
232,2.32,0.065757898486028,-16.070464721343054,0.08327960160306294,0.056080947628923905,0.0
233,2.33,0.0673942759822431,-16.470376327844775,0.08535200460094718,0.0562943276404263,0.0
234,2.34,0.0685301151057237,-16.747962184194712,0.08679049688653527,0.05651130388264258,0.0
235,2.35,0.0622584982219565,-15.21525204295175,0.07884775894155438,0.05670842327999648,0.0
236,2.36,0.0722756858887364,-17.663336071066844,0.09153410411497562,0.056937258540283864,0.0
237,2.37,0.0707987517681933,-17.302390569060293,0.08966362941939314,0.05716141761383231,0.0
238,2.38,0.0707604115708665,-17.293020671257352,0.08961507317851145,0.05738545529677852,0.0
239,2.39,0.0694915902562943,-16.98293551581625,0.08800816456348784,0.05760547570818719,0.0
240,2.4,0.0709358495961312,-17.335895681875247,0.08983725802909906,0.05783006885325992,0.0
241,2.41,0.0748878435816003,-18.30171699588722,0.09484229152659594,0.05806717458207633,0.0
242,2.42,0.0760828635343559,-18.59376595782508,0.0963557338333683,0.05830806391665977,0.0
243,2.43,0.067717068883527,-16.54926315439817,0.08576080817950027,0.058522465937108525,0.0
244,2.44,0.0733680533454441,-17.930297958230785,0.0929175413703207,0.05875475979053435,0.0
245,2.45,0.0709826218087554,-17.347326266036568,0.08989649306128708,0.05897950102318761,0.0
246,2.46,0.073153128175498,-17.87777274923127,0.09264534771846024,0.05921111439248383,0.0
247,2.47,0.0757397415011599,-18.509910928139732,0.09592118426770861,0.05945091735315322,0.0
248,2.48,0.073976336587553,-18.07895529990316,0.09368790640982101,0.05968513711917767,0.0
249,2.49,0.0751570601346503,-18.367510386761932,0.09518324292253683,0.05992309522648398,0.0
250,2.5,0.0746613736612265,-18.246370384307372,0.09455547693583133,0.06015948391882364,0.0
251,2.5100000000000002,0.0765669937377227,-18.71208174243604,0.09696886429204561,0.06040190607955376,0.0
252,2.52,0.0779787596977083,-19.057100904804233,0.09875680626420807,0.060648798095214174,0.0
253,2.5300000000000002,0.0737042915717941,-18.012470665676307,0.09334337288529983,0.060882156527427456,0.0
254,2.54,0.0773395829870878,-18.900893559143494,0.09794731595140951,0.06112702481730592,0.0
255,2.5500000000000003,0.0782001056867125,-19.11119528721912,0.0990371316122668,0.06137461764633667,0.0
256,2.56,0.0779161635354407,-19.041803131600204,0.09867753086801162,0.06162131147350669,0.0
257,2.57,0.0761415847169836,-18.60811673112442,0.09643010173148375,0.061862386727835506,0.0
258,2.58,0.0774324488686975,-18.92358889930163,0.09806492666892072,0.06210754904450777,0.0
259,2.59,0.0769146399870143,-18.7970424378563,0.09740914358634142,0.062351071903473554,0.0
260,2.6,0.0808589217912258,-19.760978984567643,0.1024044099319461,0.0626070829283033,0.0
261,2.61,0.079263431789223,-19.371059805567572,0.10038378921888155,0.06285804240135051,0.0
262,2.62,0.0812313445824665,-19.851994778348352,0.10287606767035473,0.06311523257052631,0.0
263,2.63,0.0808689136819187,-19.7634208863099,0.1024170642395704,0.06337127523112529,0.0
264,2.64,0.0790563256585068,-19.320445478712898,0.1001214980500228,0.06362157897625043,0.0
265,2.65,0.0834298945135896,-20.389294782145356,0.10566043831759007,0.06388573007204446,0.0
266,2.66,0.0800562671541123,-19.564819537168393,0.10138788172860233,0.06413919977636584,0.0
267,2.67,0.0812902306615391,-19.866385850418823,0.10295064440285444,0.06439657638737306,0.0
268,2.68,0.0798016272990627,-19.502588521557517,0.10106539110513302,0.06464923986513582,0.0
269,2.69,0.0822197229902953,-20.093542952788948,0.10412780718655204,0.06490955938310228,0.0
270,2.7,0.085599525202638,-20.919527259907763,0.10840818396594167,0.06518057984301717,0.0
271,2.71,0.0842064090078164,-20.57906588299242,0.10664386113381573,0.0654471894958516,0.0
272,2.72,0.0861839683015182,-21.06235834816375,0.10914835647076618,0.0657200603870286,0.0
273,2.73,0.0846629778172618,-20.690645983847023,0.10722208625095622,0.06598811560265583,0.0
274,2.74,0.0876779523146896,-21.42747064540395,0.11104042413537829,0.0662657166629943,0.0
275,2.75,0.0823392446548217,-20.122752655918624,0.10427917632750493,0.06652641460381314,0.0
276,2.7600000000000002,0.0843648873133282,-20.617796135577464,0.1068445672155126,0.06679352602185196,0.0
277,2.77,0.0890335339523716,-21.75875901359744,0.11275721103589907,0.0670754190494417,0.0
278,2.7800000000000002,0.0868418609123799,-21.22313964192015,0.1099815496808838,0.06735037292364388,0.0
279,2.79,0.0825041648178119,-20.163057223463994,0.1044880407496709,0.06761159302551811,0.0
280,2.8000000000000003,0.0842552262064229,-20.59099623791651,0.10670568605439451,0.06787835724065405,0.0
281,2.81,0.0843309686673004,-20.609506813428556,0.1068016106826375,0.0681453612673606,0.0
282,2.82,0.0853213927865099,-20.851554935910833,0.10805594100591198,0.06841550111987549,0.0
283,2.83,0.0880505495575768,-21.518529073135802,0.11151230280943049,0.06869428187689908,0.0
284,2.84,0.0849525886428326,-20.76142349745999,0.10758886613183391,0.06896325404222858,0.0
285,2.85,0.0868186498013622,-21.21746711665184,0.10995215378894044,0.0692381344267009,0.0
286,2.86,0.0845687405009432,-20.66761548101467,0.10710273866929923,0.06950589127337414,0.0
287,2.87,0.0828125254329683,-20.238416967333787,0.10487856644729122,0.06976808768949239,0.0
288,2.88,0.0842510091901213,-20.58996564823428,0.10670034538132499,0.07003483855294568,0.0
289,2.89,0.0825545788629485,-20.175377829086756,0.10455188800894831,0.07029621827296795,0.0
290,2.9,0.0887823064259388,-21.6973619313682,0.11243904198252683,0.07057731587792426,0.0
291,2.91,0.0817425830464874,-19.976935506221327,0.10352352959642085,0.07083612470191514,0.0
292,2.92,0.0854120611530528,-20.87371322897398,0.10817076866338798,0.07110655162357371,0.0
293,2.93,0.0834992824176604,-20.406252377964726,0.10574831516797807,0.07137092241149356,0.0
294,2.94,0.0781687087435351,-19.10352223988478,0.0989973687095651,0.07161841583326756,0.0
295,2.95,0.0854835234666314,-20.891177786323155,0.10826127266581931,0.07188906901493208,0.0
296,2.96,0.0875805885084482,-21.403676064838535,0.1109171169862597,0.07216636180739766,0.0
297,2.97,0.0826397726507148,-20.196198198841525,0.10465978234358463,0.0724280112632566,0.0
298,2.98,0.0806252608676321,-19.703874975531118,0.10210848823926577,0.0726832824838548,0.0
299,2.99,0.0817175986841194,-19.970829618970313,0.10349188795652335,0.07294201220374608,0.0
300,3.0,0.0841464592890752,-20.564414869771706,0.1065679373465912,0.07320843204711258,0.0
301,3.0100000000000002,0.0851976105169035,-20.821303990509048,0.10789917598854251,0.07347817998708384,0.0
302,3.02,0.0834899115439462,-20.403962245541106,0.105736447352133,0.07374252110546409,0.0
303,3.0300000000000002,0.0803045310490675,-19.625492342372294,0.10170229746785663,0.07399677684913375,0.0
304,3.04,0.0803145729430053,-19.627946464325376,0.10171501510247902,0.07425106438689,0.0
305,3.0500000000000003,0.0805542070344481,-19.686510246034132,0.10201850156000483,0.07450611064078994,0.0
306,3.06,0.0804692266786148,-19.665742036558644,0.10191087752789886,0.07476088783460966,0.0
307,3.0700000000000003,0.0786532294824708,-19.221933466841488,0.09961099376504891,0.07500991531902224,0.0
308,3.08,0.0783959462381305,-19.159056437666933,0.09928515540066815,0.07525812820752398,0.0
309,3.09,0.080741673249429,-19.732324806165412,0.10225591960494072,0.07551376800653631,0.0
310,3.1,0.0761441765055922,-18.60875013408222,0.09643338412231031,0.07575485146684213,0.0
311,3.11,0.0781593099040824,-19.10122527296029,0.09898546547629317,0.0760023151305328,0.0
312,3.12,0.0759992615484916,-18.573334605920607,0.0962498554486221,0.0762429397691543,0.0
313,3.13,0.0761212605389363,-18.60314973865934,0.09640436201823777,0.07648395067419989,0.0
314,3.14,0.0736854812985684,-18.007873653922097,0.0933195504685811,0.07671724955037129,0.0
315,3.15,0.0755192876655558,-18.456034577627815,0.0956419887942572,0.07695635452235694,0.0
316,3.16,0.0770506034510263,-18.83027032533603,0.09758133557203727,0.07720030786128718,0.0
317,3.17,0.0742305113361257,-18.141072648906665,0.0940098079955779,0.07743533238127598,0.0
318,3.18,0.0715983840572659,-17.49781138978981,0.09067632994657103,0.07766202320614257,0.0
319,3.19,0.0702127955548794,-17.15918969325502,0.08892154061903415,0.07788432705769,0.0
320,3.2,0.0736030900819279,-17.987738199918027,0.09321520547192841,0.0781173650713699,0.0
321,3.21,0.0733171617306608,-17.917860640147072,0.0928530892892526,0.0783494977945931,0.0
322,3.22,0.071786883825396,-17.543878538276303,0.09091505694292534,0.07857678543695046,0.0
323,3.23,0.0706289036667278,-17.26088167073124,0.08944852397124547,0.0788004067468786,0.0
324,3.24,0.0688154626901519,-16.817697811312545,0.08715187755253431,0.07901828644075992,0.0
325,3.25,0.0669775681913321,-16.368537795788175,0.08482426178052638,0.07923034709521126,0.0
326,3.2600000000000002,0.0691196884395234,-16.892047042129853,0.08753716661724545,0.07944919001175432,0.0
327,3.27,0.0710871360754668,-17.372868335882664,0.09002885596664074,0.07967426215167095,0.0
328,3.2800000000000002,0.0673565555464531,-16.461157892545092,0.08530423326188057,0.07988752273482558,0.0
329,3.29,0.0702896752433414,-17.17797819394714,0.08901890549799005,0.08011006999857062,0.0
330,3.3000000000000003,0.0638710755655635,-15.609347169279118,0.0808900200511951,0.08031229504869863,0.0
331,3.31,0.0672128241705238,-16.426031617840415,0.08512220354376544,0.08052510055755802,0.0
332,3.3200000000000003,0.0671207069376417,-16.40351923871422,0.08500554095825372,0.08073761440995375,0.0
333,3.33,0.0666031556240108,-16.277035723901818,0.08435008407473607,0.08094848962014056,0.0
334,3.34,0.0682729663053688,-16.685118011564757,0.08646482878978472,0.08116465169211495,0.0
335,3.35,0.0651704722377153,-15.926904586100816,0.08253565106545482,0.08137099081977872,0.0
336,3.36,0.0658069075649012,-16.082441969570116,0.08334166953189674,0.08157934499360842,0.0
337,3.37,0.0667311981638782,-16.308327829749867,0.0845122445444881,0.08179062560496975,0.0
338,3.38,0.067108569167561,-16.400552909035678,0.08499016898500118,0.08200310102743213,0.0
339,3.39,0.068078194188475,-16.637517974074076,0.08621815812859032,0.08221864642275367,0.0
340,3.4,0.064948860655508,-15.872745295799575,0.08225498935481979,0.08242428389614065,0.0
341,3.41,0.0658177960080892,-16.08510297830294,0.08335545928539638,0.08263267254435414,0.0
342,3.42,0.0687514914425245,-16.80206398325773,0.08707086066879687,0.08285034969602612,0.0
343,3.43,0.0664251072788445,-16.23352278149389,0.08412459336422184,0.08306066117943667,0.0
344,3.44,0.0658417801547257,-16.090964424475455,0.08338583419430716,0.0832691257649224,0.0
345,3.45,0.0661311163859728,-16.161674830433007,0.08375226631306944,0.08347850643070498,0.0
346,3.46,0.0651229213271187,-15.915283697222003,0.08247542984516766,0.08368469500531783,0.0
347,3.47,0.0614928457447995,-15.028135492601912,0.07787809241126555,0.08387939023634605,0.0
348,3.48,0.0642395153556364,-15.699389563951506,0.08135663348681922,0.08408278182006312,0.0
349,3.49,0.0688877139758583,-16.83535518426316,0.08724338075484873,0.0843008902719502,0.0
350,3.5,0.0657686629456287,-16.073095429930778,0.08329323433658484,0.0845091233577916,0.0
351,3.5100000000000002,0.0679976410980692,-16.617831736719086,0.08611614104119338,0.08472441371039452,0.0
352,3.52,0.064890312110513,-15.858436713127528,0.08218084009497605,0.08492986581063211,0.0
353,3.5300000000000002,0.0672772002958808,-16.44176439329805,0.08520373318805022,0.08514287514360219,0.0
354,3.54,0.0672432165191461,-16.43345915396275,0.08516069416988521,0.08535577687902685,0.0
355,3.5500000000000003,0.0659916227009606,-16.127584198045856,0.0835756034515513,0.0855647158876558,0.0
356,3.56,0.0674586775374777,-16.486115318068393,0.08543356645109806,0.0857782998037836,0.0
357,3.5700000000000003,0.0705698451628693,-17.24644846005078,0.08937372887003564,0.08600173412595857,0.0
358,3.58,0.0688821215674257,-16.833988464758846,0.08723629820572548,0.08621982487147295,0.0
359,3.59,0.0680962216414374,-16.641923673670902,0.08624098913650258,0.08643542734431431,0.0
360,3.6,0.0679685690580827,-16.610726868653995,0.08607932253020674,0.08665062565063986,0.0
361,3.61,0.0670440820304496,-16.384793003597867,0.08490849874901729,0.08686289689751248,0.0
362,3.62,0.0686917117802791,-16.787454529864494,0.08699515225094312,0.08708038477813995,0.0
363,3.63,0.0684097738734677,-16.718552188254773,0.08663808979766166,0.08729698000263397,0.0
364,3.64,0.0697788285389219,-17.053133207559192,0.08837193971891584,0.08751790985193131,0.0
365,3.65,0.0686197442676893,-16.769866507759396,0.08690400843529768,0.08773516987301944,0.0
366,3.66,0.071460276744424,-17.464059570618502,0.09050142286686275,0.08796142343018665,0.0
367,3.67,0.0706775067598317,-17.27275970076349,0.08951007773624652,0.08818519862452712,0.0
368,3.68,0.068158342030278,-16.65710517338916,0.08631966198574473,0.08840099777949151,0.0
369,3.69,0.0708835642658883,-17.323117755961288,0.08977104086625531,0.08862542538165707,0.0
370,3.7,0.069445881746538,-16.971764888250345,0.08795027666606385,0.08884530107332222,0.0
371,3.71,0.0749870812099362,-18.325969516754203,0.09496797179226929,0.0890827210028029,0.0
372,3.72,0.0721256583375603,-17.62667108444296,0.09134410055678582,0.08931108125419485,0.0
373,3.73,0.0742469282242063,-18.145084745199398,0.09403059929107839,0.08954615775242258,0.0
374,3.74,0.0739687741431178,-18.077107126538422,0.0936783288932913,0.08978035357465597,0.0
375,3.75,0.0780766725863339,-19.081029674710965,0.09888080880297956,0.09002755559666331,0.0
376,3.7600000000000002,0.0757246937044776,-18.506233421843383,0.09590212686864996,0.09026731091383489,0.0
377,3.77,0.0749463883487713,-18.316024655303075,0.09491643600198515,0.0905046020038398,0.0
378,3.7800000000000002,0.0771403126160528,-18.85219420071726,0.09769494844129792,0.09074883937494305,0.0
379,3.79,0.0790890005858676,-19.32843085050113,0.10016287946572593,0.09099924657360736,0.0
380,3.8000000000000003,0.0753811944041493,-18.422286192463705,0.09546709951009848,0.09123791432238249,0.0
381,3.81,0.0794515257224467,-19.417027772728396,0.10062200224246462,0.09148946932798863,0.0
382,3.8200000000000003,0.0747706003842762,-18.273064123611885,0.09469380796813952,0.09172620384790897,0.0
383,3.83,0.0777034836026426,-18.989826632416683,0.09840818071418708,0.09197222429969443,0.0
384,3.84,0.0781300384759642,-19.094071676757437,0.0989483944486575,0.09221959528581614,0.0
385,3.85,0.0798729780660153,-19.520025818210122,0.10115575383847293,0.09247248467041236,0.0
386,3.86,0.0814012630903633,-19.89352088318943,0.10309126228527454,0.09273021282612548,0.0
387,3.87,0.0764441090885344,-18.682050165012765,0.09681323607303086,0.09297224591630804,0.0
388,3.88,0.0799188612820074,-19.53123914194581,0.101213862993967,0.09322528057379298,0.0
389,3.89,0.0803037857053839,-19.625310189054627,0.10170135352155582,0.09347953395759678,0.0
390,3.9,0.0808702696719445,-19.763752274483384,0.10241878154367717,0.09373558091145606,0.0
391,3.91,0.0805767278027827,-19.692014059588878,0.10204702316209191,0.09399069846936114,0.0
392,3.92,0.0826862559458033,-20.207558174921214,0.10471865147391417,0.09425249509804601,0.0
393,3.93,0.0843116756345214,-20.604791820860665,0.10677717687133059,0.09451943804022422,0.0
394,3.94,0.083581257672168,-20.426286175666874,0.10585213336615472,0.09478406837363962,0.0
395,3.95,0.0834916712576588,-20.404392299082787,0.10573867595524064,0.09504841506352768,0.0
396,3.96,0.0838197121462074,-20.484561672617428,0.10615412588805218,0.09531380037824777,0.0
397,3.97,0.0805959847645203,-19.69672023681427,0.10207141129094817,0.0955689789064752,0.0
398,3.98,0.0843904496622271,-20.624043276006713,0.10687694085094425,0.09583617125860266,0.0
399,3.99,0.0861535152961863,-21.05491598824787,0.10910978902548517,0.09610894573116624,0.0
400,4.0,0.0844548920133617,-20.63979223627327,0.10695855436737976,0.09637634211708479,0.0
401,4.01,0.0842204435184464,-20.582495753976037,0.10666163524887826,0.09664299620520711,0.0
402,4.0200000000000005,0.0856657619754674,-20.935714755942726,0.10849207004167864,0.09691422638031122,0.0
403,4.03,0.08903566165897,-21.759279000315598,0.11275990568645695,0.09719612614452733,0.0
404,4.04,0.0824889242647351,-20.15933260974924,0.10446873923277836,0.09745729799260927,0.0
405,4.05,0.0876218958739694,-21.413771103999213,0.11096943102036179,0.09773472157016005,0.0
406,4.0600000000000005,0.0862352424688987,-21.074889157647878,0.10921329303854421,0.09800775480275636,0.0
407,4.07,0.0885758075947876,-21.646896021455962,0.11217751993292203,0.09828819860258875,0.0
408,4.08,0.0852308473419219,-20.829426683542213,0.10794126902390119,0.09855805177514831,0.0
409,4.09,0.0811976419811527,-19.843758255011988,0.10283338474898682,0.0988151352370209,0.0
410,4.1,0.083326577659614,-20.364045346029513,0.10552959188490187,0.09907895921673315,0.0
411,4.11,0.0854429146158891,-20.881253456041108,0.10820984327118778,0.09934948382491104,0.0
412,4.12,0.081761762670837,-19.98162278308959,0.10354781978074099,0.09960835337436291,0.0
413,4.13,0.086017863362579,-21.021764235171677,0.10893799157989158,0.09988069835331259,0.0
414,4.14,0.0838831226802436,-20.50005846879936,0.10623443265170421,0.10014628443494178,0.0
415,4.15,0.0871470920150028,-21.29773456936602,0.11036811198303374,0.10042220471489927,0.0
416,4.16,0.0815683949918258,-19.93436597386449,0.10330292778081822,0.10068046203435133,0.0
417,4.17,0.0831051167743623,-20.30992288430955,0.1052491210255975,0.10094358483691535,0.0
418,4.18,0.0854187611279374,-20.875350624822943,0.10817925389865234,0.1012140329716621,0.0
419,4.19,0.085640952416379,-20.929651588577865,0.10846064978275309,0.1014851845961191,0.0
420,4.2,0.0810101863620418,-19.797946284387972,0.10259598012327291,0.10174167454642735,0.0
421,4.21,0.0814092366519667,-19.895469528803126,0.10310136046433707,0.1019994279475882,0.0
422,4.22,0.0839394970690212,-20.513835713007218,0.10630582843450907,0.10226519251867461,0.0
423,4.23,0.0828357861685153,-20.24410162025924,0.10490802518660539,0.10252746258164114,0.0
424,4.24,0.0815072687463349,-19.919427431205346,0.10322551397214773,0.10278552636657157,0.0
425,4.25,0.0802293159514222,-19.607110648293705,0.10160704072287767,0.10303954396837889,0.0
426,4.26,0.0828973638844197,-20.259150497030646,0.10498601076348989,0.10330200899528752,0.0
427,4.2700000000000005,0.0830446039430772,-20.29513425293985,0.1051724840801153,0.1035649402054879,0.0
428,4.28,0.0799651278643047,-19.542546155942684,0.10127245766669785,0.10381812134965474,0.0
429,4.29,0.0791626166252507,-19.34642175335948,0.10025611107094096,0.10406876162733203,0.0
430,4.3,0.0780662673977384,-19.07848676777366,0.09886763107101446,0.10431593070500955,0.0
431,4.3100000000000005,0.0810689807803157,-19.812314955626498,0.10267044077124163,0.1045726068069377,0.0
432,4.32,0.0797676999473532,-19.494297071841373,0.1010224235468797,0.1048251628658049,0.0
433,4.33,0.0772426988210256,-18.87721619705307,0.09782461624632362,0.1050697244064206,0.0
434,4.34,0.0785188539289425,-19.189093646194756,0.09944081280092633,0.10531832643842298,0.0
435,4.3500000000000005,0.0779266497127774,-19.04436583124284,0.09869081116879742,0.10556505346634493,0.0
436,4.36,0.0758197485630521,-18.529463722483815,0.09602250983305081,0.1058051097409275,0.0
437,4.37,0.0780521940581596,-19.07504740744707,0.09884980778072792,0.10605223426037935,0.0
438,4.38,0.0810819191271997,-19.81547693695405,0.10268682664120872,0.10630895132698248,0.0
439,4.39,0.0757210895845147,-18.505352616889933,0.09589756240291203,0.10654869523298982,0.0
440,4.4,0.0761998052329255,-18.622345147315382,0.09650383555638381,0.1067899548218808,0.0
441,4.41,0.0772404638237533,-18.876669989743462,0.09782178571665782,0.10703450928617242,0.0
442,4.42,0.0769958200167525,-18.81688189188422,0.09751195466592848,0.10727828917283733,0.0
443,4.43,0.0763070937282211,-18.648565206325028,0.096639711905089,0.10751988845260008,0.0
444,4.44,0.078215370942121,-19.114925937896114,0.09905646441361929,0.10776752961363412,0.0
445,4.45,0.0690521356911994,-16.875537937006893,0.08745161391411564,0.10798615864841943,0.0
446,4.46,0.0709664628780711,-17.343377211527905,0.08987602845793598,0.10821084871956421,0.0
447,4.47,0.0692523675359278,-16.92447226840863,0.08770519909005871,0.10843011171728933,0.0
448,4.48,0.0735628302360621,-17.977899162364075,0.09316421807723518,0.10866302226248237,0.0
449,4.49,0.0720768164228576,-17.614734689192755,0.09128224433431494,0.10889122787331817,0.0
450,4.5,0.069142942038252,-16.897729950899997,0.0875666163180805,0.10911014441411349,0.0
451,4.51,0.071099519004181,-17.375894579476668,0.09004453842295003,0.10933525576017078,0.0
452,4.5200000000000005,0.0720330929026823,-17.604049169967727,0.09122687034237305,0.10956332293602677,0.0
453,4.53,0.0699633941292699,-17.098238888804335,0.08860568424524193,0.10978483714663989,0.0
454,4.54,0.068731538880348,-16.79718780938447,0.0870455915913586,0.11000245112561824,0.0
455,4.55,0.0672334329014817,-16.431068151723583,0.08514830363125657,0.11021532188469652,0.0
456,4.5600000000000005,0.070950789434782,-17.339546804485735,0.0898561787038697,0.11043996233145614,0.0
457,4.57,0.0662507042894519,-16.190900721591444,0.0839037193428587,0.11064972162981346,0.0
458,4.58,0.0696667311099113,-17.02573790114363,0.0882299730587326,0.11087029656246017,0.0
459,4.59,0.0718110267603263,-17.549778790458934,0.09094563295050494,0.1110976606448364,0.0
460,4.6000000000000005,0.0647564514453373,-15.825722725198938,0.0820113112152093,0.11130268892287454,0.0
461,4.61,0.0637965451870082,-15.591132812573429,0.08079563047402928,0.1115046779990595,0.0
462,4.62,0.0640022049165884,-15.641393655831997,0.081056089836928,0.11170731822365176,0.0
463,4.63,0.0655119159608826,-16.01034945635696,0.08296807512233485,0.1119147384114576,0.0
464,4.64,0.0653453251485673,-15.969636601569162,0.08275709489334696,0.112121631148691,0.0
465,4.65,0.0658367596038747,-16.08973746030551,0.08337947587866254,0.11233007983838761,0.0
466,4.66,0.064160151633286,-15.679993994300546,0.0812561226838397,0.11253322014509726,0.0
467,4.67,0.0665443021830035,-16.262652628194484,0.08427554867696783,0.11274390901678966,0.0
468,4.68,0.0644061782786413,-15.740120041752217,0.0815677050409505,0.11294782827939198,0.0
469,4.69,0.0685190833835764,-16.745266159752543,0.0867765256762841,0.11316476959358268,0.0
470,4.7,0.0672172852009835,-16.427121841741634,0.08512785325046192,0.11337758922670882,0.0
471,4.71,0.0664503450295666,-16.23969059390827,0.08415655590976978,0.11358798061648323,0.0
472,4.72,0.065011616006492,-15.888081972872348,0.08233446635680339,0.11379381678237521,0.0
473,4.73,0.0676077778764774,-16.52255370483259,0.0856223957342208,0.11400787277171076,0.0
474,4.74,0.0665917497089577,-16.27424825107048,0.08433563896497114,0.11421871186912325,0.0
475,4.75,0.0663480243566276,-16.214684612838486,0.0840269710982976,0.1144287792968689,0.0
476,4.76,0.0643466598378012,-15.725574427828835,0.08149232744897567,0.11463251011549136,0.0
477,4.7700000000000005,0.066143682805265,-16.16474591698776,0.08376818115244732,0.11484193056837255,0.0
478,4.78,0.0652075220963582,-15.935959140153779,0.08258257314688179,0.11504838700123976,0.0
479,4.79,0.0669364863212832,-16.358497865095313,0.08477223332691772,0.11526031758455701,0.0
480,4.8,0.0675638331467851,-16.511814124577324,0.08556674158976693,0.11547423443853155,0.0
481,4.8100000000000005,0.0670087754843923,-16.37616449484212,0.0848637844993632,0.11568639389977986,0.0
482,4.82,0.0695839756046973,-17.00551341925388,0.08812516670598478,0.1159067068165448,0.0
483,4.83,0.0680318142587485,-16.62618325928531,0.08615941990612691,0.11612210536631018,0.0
484,4.84,0.0669040431739613,-16.350569137649792,0.08473114545084622,0.11633393322993724,0.0
485,4.8500000000000005,0.0651863286984172,-15.930779720467665,0.08255573260334592,0.11654032256144564,0.0
486,4.86,0.0663808749973674,-16.22271292693059,0.08406857504757521,0.11675049399906456,0.0
487,4.87,0.0699244368591327,-17.088718185591585,0.08855634650770372,0.11697188486533383,0.0
488,4.88,0.0720435766294332,-17.60661127071573,0.09124014753959543,0.11719998523418285,0.0
489,4.89,0.0667894026495915,-16.322552328339626,0.08458595806778062,0.11741145012935228,0.0
490,4.9,0.0695234933332001,-16.990732256340525,0.08804856846318353,0.1176315715505103,0.0
491,4.91,0.0721873330577208,-17.641743667925056,0.09142220898546435,0.11786012707297389,0.0
492,4.92,0.0716318689160816,-17.50599469939498,0.09071873710625994,0.1180869239157395,0.0
493,4.93,0.0725662343100287,-17.734342722157013,0.09190207142124172,0.11831667909429266,0.0
494,4.94,0.0704674375334484,-17.221421227829325,0.0892440339318512,0.11853978917912222,0.0
495,4.95,0.0696887549285747,-17.031120265985088,0.08825786529504633,0.1187604338423599,0.0
496,4.96,0.0718337280083745,-17.555326711154223,0.09097438312252797,0.11898786980016618,0.0
497,4.97,0.0734250212411014,-17.944220248609394,0.09298968880452606,0.11922034402217752,0.0
498,4.98,0.0722083964355942,-17.64689131222057,0.0914488848640751,0.11944896623433776,0.0
499,4.99,0.0740671587883298,-18.101151188261856,0.0938029288918581,0.11968347355656739,0.0
