time_sec,S_E_median,S_E_percentile_2_5,S_E_percentile_97_5
0.0,0.00024652044644574156,0.0001340628939220101,0.0003695313341118915
0.01,0.0005041706160994197,0.0002741783604535558,0.0007557459962180016
0.02,0.0007512416662555088,0.00040854068400865976,0.0011261026790041397
0.03,0.0010028679419542552,0.000545380232992887,0.0015032875928608436
0.04,0.001240172316865018,0.000674431237481879,0.0018590041409834216
0.05,0.0014828916587923957,0.0008064270125130724,0.002222837662828513
0.06,0.0017366946230794045,0.0009444502895632146,0.0026032854080224785
0.07,0.0019870003590010676,0.001080571701830424,0.002978490847832989
0.08,0.002228453434626687,0.0012118788551780336,0.0033404262509516823
0.09,0.0024796034230449293,0.0013484593893336922,0.003716897215613939
0.1,0.0027287230744386104,0.0014839357844165985,0.004090324728261539
0.11,0.00298976940752288,0.0016258981545388242,0.00448163020056785
0.12,0.0032425339693528676,0.0017633567269551371,0.004860521392336645
0.13,0.0035032404701413333,0.0019051342892786927,0.005251317459912109
0.14,0.0037677546713518195,0.0020489825574812634,0.005647821226938899
0.15,0.004030278353361172,0.0021917483403633754,0.006041341228413683
0.16,0.00429987244284874,0.002338359156391379,0.006445459689958477
0.17,0.004566575515625726,0.0024833977780143734,0.006845244550467856
0.18,0.00483064006736994,0.0026270015175803574,0.007241074298079217
0.19,0.005097026933632676,0.002771868179591078,0.007640385168634564
0.2,0.005371098062174728,0.002920913701626202,0.008051214660597269
0.21,0.005635048882144333,0.0030644555915116225,0.008446873925577152
0.22,0.005903148835578964,0.003210253865594082,0.008848752694240677
0.23,0.006174696177600136,0.0033579269005616003,0.009255799059028444
0.24,0.006436735911594271,0.0035004295025498626,0.00964859362795481
0.25,0.006702444092307858,0.0036449270813869563,0.010046887156622199
0.26,0.006973693883041199,0.003792438301838447,0.010453487495427254
0.27,0.007244143062961561,0.003939514133647537,0.010858887727766305
0.28,0.007514717726074038,0.004086658205799826,0.011264476057977358
0.29,0.007789777616107385,0.004236241436689717,0.011676787692124331
0.3,0.008055117791933797,0.004380538886892902,0.012074529585668113
0.31,0.008322644848224092,0.004526025607713854,0.012475549588054366
0.32,0.00860719120119885,0.004680767772450187,0.012902081321821005
0.33,0.008870359211951673,0.004823883954567801,0.01329656716472413
0.34,0.009144516115828005,0.004972976122995538,0.0137075252329334
0.35000000000000003,0.009407014848174411,0.005115728337737205,0.014101007835148114
0.36,0.009680094111077064,0.005264234462817961,0.014510350531843769
0.37,0.009953943770838747,0.005413159545570909,0.014920848044633447
0.38,0.010228323188597843,0.005562372721629081,0.015332139658611858
0.39,0.010498333900489987,0.0057092101054976255,0.0157368826323837
0.4,0.010764449216052907,0.005853929092647431,0.016135786451540908
0.41000000000000003,0.011023720744299026,0.00599492628736055,0.016524431511661948
0.42,0.011302587986392443,0.006146580034682989,0.016942450323069385
0.43,0.011568229979516342,0.0062910416193460664,0.01734064463729552
0.44,0.011831111767052427,0.00643400214738584,0.017734701434865302
0.45,0.0120984957875927,0.0065794110824213305,0.018135507028295892
0.46,0.012349749943180832,0.006716048264828423,0.018512134138356166
0.47000000000000003,0.012607589408339503,0.006856266674152637,0.018898632552262554
0.48,0.012870094164824042,0.006999022164944572,0.01929212418459157
0.49,0.013124326044257839,0.007137278694881688,0.01967321486869273
0.5,0.013370567579820747,0.007271189911323659,0.020042328118576133
0.51,0.013627228848701822,0.007410767593256257,0.020427060429716537
0.52,0.013880804086928045,0.007548667028186332,0.020807166816146038
0.53,0.014139486419385838,0.007689343806099972,0.021194928678508956
0.54,0.014394134711274209,0.007827826789702617,0.02157664356012438
0.55,0.014642082834427805,0.00796266608361014,0.021948314965318162
0.56,0.014907269624196917,0.008106880119317608,0.022345826934913583
0.5700000000000001,0.015153562904481277,0.008240819475604478,0.022715017749543598
0.58,0.01539962525040206,0.008374633245030114,0.023083862396199844
0.59,0.015656506595372988,0.008514330608871148,0.02346892459888584
0.6,0.015908754505063905,0.008651508215217785,0.023847041334997956
0.61,0.01616414480087014,0.008790394715826766,0.024229868472012993
0.62,0.016415564461019327,0.008927121903021536,0.024606743671520447
0.63,0.01665842605974638,0.009059195040229027,0.0249707904346838
0.64,0.016914283762043958,0.009198335726110543,0.02535431820869184
0.65,0.01714603927146202,0.009324369143309641,0.02570171707080575
0.66,0.01738199935676088,0.009452689095432638,0.026055418544151138
0.67,0.017618004465695503,0.009581033532335678,0.02640918750741237
0.68,0.017850832270430217,0.009707650085803321,0.026758193727960983
0.6900000000000001,0.0180798586223731,0.009832199330981756,0.02710150161418461
0.7000000000000001,0.01830587151486579,0.00995510979487274,0.02744029235910451
0.71,0.018535049411437354,0.010079741453140258,0.02778382740899619
0.72,0.018776292296805164,0.010210934300698358,0.028145447739318638
0.73,0.019004620246060366,0.010335103740117058,0.02848770872788879
0.74,0.019226397993830358,0.010455711045118561,0.028820151039232016
0.75,0.0194517691393159,0.01057827251377539,0.029157979812716322
0.76,0.01966509808373995,0.010694285185580797,0.02947775746432413
0.77,0.0198747327033571,0.010808288807500633,0.029791997365233032
0.78,0.02009469863695479,0.010927910810655195,0.030121723787821672
0.79,0.020308638230960407,0.011044255566274608,0.030442416796178887
0.8,0.020523126842857453,0.011160898889126117,0.030763932776085908
0.81,0.020736438311724503,0.011276902057363779,0.03108368423203323
0.8200000000000001,0.020946717403798498,0.011391256156673545,0.03139889018979559
0.8300000000000001,0.021163658731223056,0.011509233316723233,0.03172408276226993
0.84,0.0213838760835523,0.011628992046559853,0.03205418605866596
0.85,0.021589546739778864,0.011740839983581441,0.032362484023718524
0.86,0.02181188866533501,0.011861754100077733,0.03269577203112054
0.87,0.022021471081612565,0.011975729332746717,0.033009933679819504
0.88,0.02222395746401884,0.01208584559610975,0.033313458454777775
0.89,0.02243266037701447,0.012199342536787726,0.033626301738100516
0.9,0.02265187601388896,0.0123185565131377,0.03395490347446904
0.91,0.022859516205866404,0.012431475524247691,0.034266153751121395
0.92,0.02307126613373428,0.01254662949434246,0.03458356447494272
0.93,0.023282549096811156,0.012661529519370347,0.03490027522387459
0.9400000000000001,0.023487790545713205,0.01277314404461266,0.03520792981204896
0.9500000000000001,0.02368593646057776,0.012880899872368765,0.035504948275727796
0.96,0.02390082128649279,0.012997758664560006,0.03582705817592318
0.97,0.02411188826783861,0.013112541234276154,0.03614344517070678
0.98,0.024316914669931355,0.013224038812636356,0.036450777406169525
0.99,0.024523731530299298,0.013336510079066936,0.036760793518141016
1.0,0.024728767670113172,0.013448012953000353,0.03706814035033658
1.01,0.02493688892359658,0.013561193575260934,0.037380111732692956
1.02,0.025150147670464362,0.013677168072190134,0.03769978415896544
1.03,0.025359455522491803,0.013790993991167592,0.038013534238989025
1.04,0.025572923145599835,0.013907082079296217,0.038333519768360254
1.05,0.025787034324693703,0.014023520146419007,0.038654469980805316
1.06,0.025996612981792122,0.014137493334769118,0.0389686259945378
1.07,0.026215984118542313,0.014256791875152839,0.03929746082344437
1.08,0.026431893739426116,0.014374207971945736,0.039621106879595414
1.09,0.02665175195067082,0.014493771393467024,0.039950671827607045
1.1,0.026868405272544527,0.014611591930168786,0.04027543268304935
1.11,0.02709435999446047,0.014734470759702646,0.04061413623093879
1.12,0.02731665201620076,0.014855357737476526,0.040947349433090835
1.1300000000000001,0.02754364966932288,0.014978803734471267,0.041287616322948736
1.1400000000000001,0.027775839965118954,0.015105073597453543,0.04163566692487827
1.1500000000000001,0.027998267283214473,0.015226034152170833,0.041969082934721895
1.16,0.02822773284296376,0.015350822247596424,0.04231304918843188
1.17,0.02846014255176993,0.015477211431890766,0.04266142868795798
1.18,0.02867584451569044,0.015594514600551933,0.04298476346869245
1.19,0.02890724380566162,0.015720354298282238,0.043331628361923315
1.2,0.029141770224508978,0.015847894593073866,0.04368318078562959
1.21,0.029367952746618298,0.015970897305042586,0.04402222580340766
1.22,0.029604249933749938,0.01609940058008214,0.044376432588550924
1.23,0.029834455454998854,0.016224591081804865,0.044721508036098985
1.24,0.03007135253124954,0.01635342058889741,0.045076614048181356
1.25,0.03031136440275789,0.01648394398577575,0.045436389102785926
1.26,0.030549517338629262,0.01661345645518456,0.045793377634098624
1.27,0.03078012058634505,0.016738863248748105,0.04613904926907887
1.28,0.03102882941106605,0.016874116227828688,0.04651186095723539
1.29,0.03127087742609613,0.017005746921472432,0.046874688167727524
1.3,0.031526302331502165,0.017144652243494235,0.04725756718413741
1.31,0.03177723474470773,0.01728111445576992,0.04763371200604033
1.32,0.032017583086763446,0.01741182083225878,0.04799399142615305
1.33,0.03227336648661344,0.017550921110939602,0.04837740782164067
1.34,0.03252746010407248,0.017689102451168375,0.048758291252620524
1.35,0.03277998059941273,0.017826428295203027,0.04913681659150843
1.36,0.033038461582734935,0.017966995575311492,0.0495242766338162
1.37,0.03329742406693792,0.018107824705511616,0.049912458440445874
1.3800000000000001,0.03356450802444033,0.018253070460089803,0.0503128142428091
1.3900000000000001,0.03382144094136463,0.018392795869820767,0.05069795375126431
1.4000000000000001,0.03409390534055862,0.018540967619358473,0.051106374774281996
1.41,0.03436354118376944,0.018687601141920807,0.051510555824181264
1.42,0.03462139809460474,0.018827829038562963,0.05189708038895764
1.43,0.03487778468999775,0.018967257347398164,0.05228140096767621
1.44,0.035141064506142516,0.019110434331589644,0.05267605440558522
1.45,0.03540818625823633,0.019255700639644553,0.05307646686160938
1.46,0.035671275048715145,0.019398773740146175,0.05347083395422649
1.47,0.03593987350683803,0.019544843111340762,0.05387345997572525
1.48,0.036210815093974336,0.019692186724331154,0.05427959832085792
1.49,0.03647454798190908,0.019835610098289533,0.05467493090820624
1.5,0.03674417943376729,0.019982241232743763,0.05507910537551812
1.51,0.037008204810025314,0.020125823667873775,0.055474876399523254
1.52,0.03727953038119225,0.02027337609928523,0.05588159033233297
1.53,0.037546012929699335,0.02041829479527028,0.05628104462947994
1.54,0.03781810305581906,0.020566263007405015,0.05668890462143326
1.55,0.03809255953556345,0.020715518091357223,0.0571003117504477
1.56,0.03837335360233535,0.020868219685607536,0.05752121885004483
1.57,0.03863898725422549,0.021012676734136024,0.057919400660857094
1.58,0.03890638954122139,0.021158095602846136,0.05832023363549596
1.59,0.039172048735757636,0.021302566541991422,0.058718453734442726
1.6,0.039443439603874864,0.02145015448322871,0.05912526554663534
1.61,0.03970629665806108,0.021593101560763706,0.05951928526919624
1.62,0.039981751251844555,0.021742899439678758,0.05993218855975739
1.6300000000000001,0.04025400361594883,0.021890955880169396,0.06034029174459684
1.6400000000000001,0.04051798979749799,0.02203451700040979,0.06073600401618078
1.6500000000000001,0.04077976901574537,0.02217687792857165,0.0611284080749773
1.6600000000000001,0.04105017476159628,0.02232393014003957,0.06153374320014235
1.67,0.04131711416358674,0.0224690972823543,0.06193388231544393
1.68,0.04159109650915471,0.022618094522380183,0.06234457872274212
1.69,0.041852328604644995,0.022760157913923156,0.0627361626507739
1.7,0.04211672851032405,0.02290394402586276,0.06313249509010395
1.71,0.04237818141477839,0.023046127497866158,0.06352441000825126
1.72,0.04264879751778655,0.02319329410588702,0.06393006045639277
1.73,0.04291800558517589,0.023339694995150876,0.06433360027522055
1.74,0.04317864915481512,0.02348143833421992,0.06472430200972205
1.75,0.043439270463905444,0.023623169567544147,0.06511497037591507
1.76,0.04369448671556175,0.02376196141936132,0.0654975366227368
1.77,0.04394590580104252,0.023898688294039523,0.06587441096082276
1.78,0.0442037446711665,0.024038906379771543,0.06626090848277895
1.79,0.044458995911558,0.02417771725918318,0.06664352717731525
1.8,0.04471145151919692,0.02431500781595002,0.06702195525027974
1.81,0.044953682672261575,0.024446738103827314,0.0673850569825943
1.82,0.0452094262306475,0.02458581671589971,0.06776841365618229
1.83,0.045444730624379814,0.0247137800894501,0.0681211322553571
1.84,0.04568513775042443,0.0248445184338824,0.06848149979199801
1.85,0.04594058237758519,0.024983434481000367,0.06886440837109285
1.86,0.04617969080142975,0.025113466564439885,0.0692228291679665
1.87,0.04642738041184802,0.025248165273799958,0.06959411306552207
1.8800000000000001,0.04666182882715736,0.025375663148661833,0.06994554856281558
1.8900000000000001,0.04690196655916856,0.02550625499107276,0.07030551228087681
1.9000000000000001,0.04714345646158902,0.025637582171589568,0.07066750288694057
1.9100000000000001,0.047380489643163826,0.025766485695559397,0.07102281291934957
1.92,0.04761279001684171,0.025892815421159978,0.07137102852676673
1.93,0.047842855973595444,0.02601793002483707,0.07171589476873041
1.94,0.04808118841616599,0.02614754011368442,0.07207315237853519
1.95,0.04831374395702953,0.026274008604453784,0.07242175047864999
1.96,0.0485429473551075,0.02639865413096546,0.07276532375500849
1.97,0.04877442089160744,0.026524534205486512,0.07311229994293807
1.98,0.049004738246590185,0.026649785524696025,0.07345754302797611
1.99,0.049233495650385706,0.0267741885103352,0.07380044776399808
2.0,0.04946770923304744,0.026901558678368718,0.07415153124983452
2.0100000000000002,0.04969310021844853,0.027024130936380016,0.07448938976312573
2.02,0.049912599471558794,0.02714349914907782,0.07481841663699307
2.0300000000000002,0.05013024971668173,0.02726186183316632,0.07514467186900171
2.04,0.05034523769756283,0.027378776723151754,0.07546693639731324
2.05,0.05056337295898555,0.027497403169089222,0.07579391866321672
2.06,0.05078586843984023,0.027618400792118126,0.07612743684825779
2.07,0.05100745992544847,0.027738906803921375,0.07645959995474741
2.08,0.05122350953063676,0.02785639902706091,0.07678345584577247
2.09,0.05143770605108311,0.02797288350456812,0.07710453398393047
2.1,0.051653711722731865,0.028090351835744386,0.07742832401908141
2.11,0.051871286181803034,0.028208673305817698,0.07775446564866394
2.12,0.052079197790235454,0.028321739918783565,0.07806612277548275
2.13,0.05229317682906359,0.02843810612530943,0.07838687491117832
2.14,0.05249665618449034,0.02854876238784353,0.07869188814135526
2.15,0.05269542669685873,0.028656857884580996,0.07898984286955973
2.16,0.05290675560970476,0.028771782898039427,0.07930662249667116
2.17,0.05311224621986371,0.028883532922302727,0.07961465057472433
2.18,0.05331970884417864,0.02899635536846226,0.0799256346794782
2.19,0.05351967868505936,0.02910510308473549,0.0802253871874271
2.2,0.05373764335633607,0.02922363676023959,0.0805521137406498
2.21,0.053946713531221546,0.02933733342549413,0.08086550754535166
2.22,0.054167410597794174,0.029457353033812264,0.08119632992792054
2.23,0.054375931051581394,0.029570750749416366,0.08150889970697367
2.24,0.05457418913312395,0.029678567575721234,0.08180608630722176
2.25,0.05477527452214637,0.029787921950039643,0.082107511009096
2.2600000000000002,0.05498728301165767,0.02990321653127924,0.08242530931386823
2.27,0.055192183063898004,0.0300146453979885,0.08273245215234505
2.2800000000000002,0.05541251973534994,0.03013446901602058,0.08306273430674375
2.29,0.05561567485078156,0.030244948950170113,0.08336726150487048
2.3000000000000003,0.0558290285139611,0.030360975064543685,0.08368707620961026
2.31,0.056051501559915284,0.030481960487011812,0.0840205607649915
2.32,0.05626036665220291,0.030595545624127578,0.08433364715322117
2.33,0.05647442932751301,0.03071195731389424,0.08465452465904824
2.34,0.05669209973890976,0.03083033096481771,0.08498081012007114
2.35,0.056889849777706836,0.030937871507018353,0.0852772351700452
2.36,0.05711941714757218,0.031062714968881,0.08562135403595644
2.37,0.057344293370237,0.031185007288318828,0.08595844092578434
2.38,0.05756904781393629,0.03130723338184827,0.08629534527033346
2.39,0.05778977213369502,0.03142726781101012,0.0866262085051173
2.4,0.05801508381660336,0.031549796942693296,0.08696394814487748
2.41,0.058252948114596526,0.03167915244488188,0.08732050401130699
2.42,0.05849460812319601,0.0318105721326407,0.08768274960459037
2.43,0.058709696077151985,0.031927541390042516,0.0880051639913996
2.44,0.05894273310518622,0.03205427172344774,0.08835448383528487
2.45,0.059168193349449505,0.0321768816458542,0.0886924461668198
2.46,0.059400547716290386,0.032303240734048375,0.0890407427093717
2.47,0.059641117875354144,0.03243406773919285,0.08940135463064657
2.48,0.05987608697753338,0.032561848774294064,0.0897535706316123
2.49,0.06011480638101957,0.032691669300453904,0.09011140829141086
2.5,0.06035195134853083,0.032820633615917263,0.09046688588966204
2.5100000000000002,0.06059514908722702,0.03295288955296013,0.09083143652280057
2.52,0.06084283098120058,0.03308758406595863,0.09120270885349362
2.5300000000000002,0.061076935993914894,0.03321489519141967,0.09155362959421863
2.54,0.061322587687627717,0.03334848563972044,0.09192185867790435
2.5500000000000003,0.06157097263707417,0.03348356248875906,0.09229418488072286
2.56,0.06181845570849548,0.033618148877960524,0.0926651591786805
2.57,0.06206030223165071,0.033749669996174674,0.09302768435515327
2.58,0.06230624889283337,0.03388342085385805,0.09339635559170786
2.59,0.06255055085121436,0.03401627728829822,0.0937625614375445
2.6,0.06280738092868088,0.03415594677181504,0.09414754679082697
2.61,0.06305914329300294,0.034292860328594174,0.09452493569997605
2.62,0.06331715628723628,0.03443317310660153,0.0949116942319837
2.63,0.06357401810168378,0.034572859849342,0.0952967271586382
2.64,0.06382512264022216,0.034709415666917195,0.09567312999444941
2.65,0.06409011883107257,0.03485352605100879,0.09607035625844246
2.66,0.06434439945761816,0.034991809090628836,0.09645152001390754
2.67,0.06460259949016356,0.03513222358392088,0.09683855891420905
2.68,0.06485607131080073,0.03527006677823694,0.09721851027885335
2.69,0.06511722366550804,0.035412086805100496,0.09760997467636211
2.7,0.06538911119754393,0.03555994484240166,0.09801753098209706
2.71,0.06565657381106355,0.03570539651791728,0.09841845438550605
2.72,0.06593031769442137,0.03585426407728421,0.09882879334067435
2.73,0.06619923049550347,0.03600050439465159,0.09923189055867933
2.74,0.06647771968118948,0.036151952547116624,0.09964934266784925
2.75,0.0667392516694324,0.03629417902651236,0.10004137613169257
2.7600000000000002,0.06700721765344697,0.036439904445266035,0.10044305408172532
2.77,0.06729001253761746,0.03659369412520888,0.10086696038375519
2.7800000000000002,0.06756584606806021,0.036743698077680284,0.10128043169604133
2.79,0.06782790188790139,0.03688620942748332,0.10167325037746851
2.8000000000000003,0.06809551955821153,0.03703174542607387,0.10207440620923598
2.81,0.06836337780731827,0.03717741225636667,0.1024759226658722
2.82,0.06863438191463861,0.03732478986912031,0.10288215472804679
2.83,0.06891405457119748,0.03747688161741031,0.1033013808465407
2.84,0.06918388725556673,0.03762362218624683,0.10370585695908847
2.85,0.06945964706116486,0.037773586045630095,0.10411921775867454
2.86,0.0697282605387251,0.03791966358470397,0.10452186629413818
2.87,0.06999129579631935,0.038062707572921003,0.10491615314157283
2.88,0.07025890007223096,0.03820823628736193,0.10531728889528971
2.89,0.07052111602088446,0.03835083471850974,0.10571034760797829
2.9,0.07080311293763658,0.03850419044734263,0.10613305776596031
2.91,0.07106274976522564,0.038645386299358896,0.10652225040562503
2.92,0.07133404186010606,0.03879292052567654,0.10692891415786365
2.93,0.07159925844594062,0.03893715076509778,0.10732647079142106
2.94,0.07184754367009805,0.039072173381471204,0.10769864750717005
2.95,0.07211906274885527,0.039219831046293965,0.10810565150564788
2.96,0.0723972426804313,0.03937111102000733,0.10852264004643822
2.97,0.07265972922788366,0.03951385660835279,0.10891610438363608
2.98,0.07291581713427281,0.039653122483958504,0.10929997723094853
2.99,0.07317537460468554,0.039794275179908474,0.10968905091511204
3.0,0.07344264680148221,0.03993962330289012,0.11008968888602788
3.0100000000000002,0.07371325774241855,0.040086787103669884,0.11049533159628269
3.02,0.07397844456379221,0.04023100115656456,0.11089284361325291
3.0300000000000002,0.07423351374445103,0.040369713028145564,0.11127518940232893
3.04,0.07448861482091484,0.040508442245321866,0.11165758300285247
3.0500000000000003,0.07474447704087289,0.04064758538800019,0.11204111754878196
3.06,0.07500006933995035,0.040786581742146694,0.11242424748639387
3.0700000000000003,0.0752498935346525,0.04092244128238529,0.11279873110141532
3.08,0.07549890052731795,0.04105785641133253,0.11317198973991578
3.09,0.07575535819130919,0.041197323368734474,0.1135564168496514
3.1,0.07599721294669476,0.041328848963804975,0.11391895436614338
3.11,0.0762454683175644,0.041463855345345864,0.11429108633215486
3.12,0.07648686278336375,0.041595130625463266,0.1146529338798132
3.13,0.07672864475136404,0.04172661663725505,0.1150153622888459
3.14,0.07696269001749978,0.04185389527129654,0.1153661934701318
3.15,0.07720255995481412,0.04198434148143821,0.11572575576700031
3.16,0.07744729377038823,0.0421174327687107,0.11609260896183776
3.17,0.07768307020117043,0.04224565284572673,0.11644603513916002
3.18,0.07791048627495117,0.04236932638848961,0.1167869292368072
3.19,0.07813350134022823,0.042490606572224025,0.11712122627296402
3.2,0.0783672849092985,0.042617742890013785,0.11747166517333711
3.21,0.07860016029162836,0.04274438531715707,0.11782074271215745
3.22,0.07882817509229029,0.042868384459924025,0.11816253429456222
3.23,0.07905251183087475,0.042990383396812624,0.11849881250391431
3.24,0.07927108858433729,0.0431092499352104,0.11882645656134394
3.25,0.07948382768159512,0.043224941835983424,0.11914535003878497
3.2600000000000002,0.07970337073934491,0.04334433387054594,0.11947444257530644
3.27,0.07992916294953872,0.0434671243228597,0.11981290251998042
3.2800000000000002,0.08014310581441575,0.04358347085724623,0.12013360043133638
3.29,0.0803663650706356,0.043704883837042734,0.12046826350692798
3.3000000000000003,0.08056923709665315,0.04381520982134085,0.12077236635725576
3.31,0.08078272343132165,0.043931308085201494,0.1210923799350426
3.3200000000000003,0.08099591717643384,0.04404724723283777,0.12141195492442569
3.33,0.08120746703685122,0.04416229240213409,0.12172906574942333
3.34,0.08142432067324218,0.04428022187399433,0.1220541268740396
3.35,0.08163131993890843,0.04439279233618131,0.12236441640947025
3.36,0.08184034069745083,0.04450646212781122,0.12267773613963831
3.37,0.08205229725603713,0.0446217284679446,0.12299545660054695
3.38,0.08226545244826788,0.04473764664973024,0.12331497379960084
3.39,0.0824816874350805,0.04485523968721357,0.12363910757556382
3.4,0.08268798280167688,0.0449674273545954,0.12394834197432703
3.41,0.08289703814489652,0.04508111595408461,0.12426171354653116
3.42,0.08311541170815917,0.04519987199346857,0.12458905302417143
3.43,0.08332639603827668,0.04531460961574528,0.12490531612570771
3.44,0.08353552756171378,0.04542833964360506,0.1252188018911877
3.45,0.0837455780962511,0.04554256944862119,0.12553366524381263
3.46,0.08395242632720429,0.04565505777502185,0.12584372837993316
3.47,0.08414774444407275,0.04576127578801156,0.12613650800670742
3.48,0.08435178673575455,0.04587223818687039,0.12644236507190232
3.49,0.08457059297908526,0.045991229526582966,0.1267703531320238
3.5,0.0847794922622443,0.04610483325739849,0.1270834907719791
3.5100000000000002,0.08499547139038366,0.046222287153667906,0.12740724101871265
3.52,0.08520158079076867,0.04633437368879526,0.1277161966562486
3.5300000000000002,0.08541527160163964,0.04645058315102436,0.128036516741528
3.54,0.08562885447072993,0.0465667339122908,0.12835667502331055
3.5500000000000003,0.08583846193512573,0.0466807227666423,0.12867087421885276
3.56,0.08605272916741058,0.04679724569870307,0.12899205835324906
3.5700000000000003,0.08627687832001463,0.04691914262247364,0.12932805537335854
3.58,0.08649566680032489,0.04703812430228999,0.12965601680691502
3.59,0.0867119590472647,0.04715574847900926,0.12998023641515466
3.6,0.08692784583464425,0.04727315215847243,0.1303038482441435
3.61,0.08714079619806869,0.0473889589501363,0.13062305840715607
3.62,0.08735897988475438,0.04750761173072881,0.13095011326197575
3.63,0.08757626805944407,0.04762577751346185,0.13127582575453972
3.64,0.08779790472664384,0.04774630809594468,0.1316080565877192
3.65,0.08801585982480253,0.04786483656539016,0.13193476879094715
3.66,0.08824283723193938,0.0479882715522013,0.13227500533230424
3.67,0.08846732834725668,0.04811035444233532,0.13261151495061588
3.68,0.08868381790556207,0.048228085921037236,0.1329360303263394
3.69,0.08890896351594407,0.048350524739061616,0.13327352102527906
3.7,0.0891295426529593,0.04847048021485875,0.13360416663278832
3.71,0.08936772215683486,0.0486000071324951,0.13396119498923573
3.72,0.08959681299811512,0.0487245914483028,0.13430459954423976
3.73,0.08983264157342946,0.048852839882588824,0.1346581038856201
3.74,0.09006758665521453,0.04898060785490497,0.13501028388028888
3.75,0.09031557954733416,0.049115471495097936,0.13538202239365152
3.7600000000000002,0.09055610191047497,0.04924627250783563,0.13574256266938384
3.77,0.09079415216268039,0.049375729135753,0.13609939727905365
3.7800000000000002,0.091039170919128,0.04950897537973861,0.1364666775970066
3.79,0.0912903792421832,0.04964558763747069,0.1368432360046233
3.8000000000000003,0.09152981055748477,0.049775795315931806,0.13720214081210347
3.81,0.0917821703596452,0.049913033771706944,0.1375804252737497
3.8200000000000003,0.09201966226113872,0.05004218675701236,0.13793642292207858
3.83,0.09226646980285463,0.05017640577925288,0.13830638460872183
3.84,0.09251463219965311,0.050311361599579725,0.13867837720766232
3.85,0.09276833064986428,0.05044932803972389,0.1390586682874502
3.86,0.09302688335180798,0.05058993432189509,0.13944623583515256
3.87,0.09326969077520847,0.050721977997444725,0.13981020139012004
3.88,0.09352353496307797,0.05086002369272766,0.14019071092899357
3.89,0.09377860177632125,0.050998734276859255,0.14057305316934066
3.9,0.0940354678977644,0.05113842336183252,0.14095809255213246
3.91,0.09429140164984967,0.051277605405154164,0.14134173432390376
3.92,0.09455403584097599,0.05142043128516892,0.14173541997728278
3.93,0.09482183281012757,0.05156606479016067,0.1421368445759659
3.94,0.0950873097718179,0.05171043662733274,0.1425347915099578
3.95,0.09535250218252406,0.0518546537198215,0.14293231190527386
3.96,0.09561873654092073,0.05199943744491506,0.1433313941682795
3.97,0.0958747314583897,0.05213865275123156,0.14371512762626248
3.98,0.09614277863542414,0.05228442232442118,0.14411692728370482
3.99,0.09641642579169796,0.0524332372816085,0.14452712124607883
4.0,0.09668467765528616,0.052579118167559724,0.14492922772632785
4.01,0.09695218484625456,0.05272459408520983,0.14533021795082365
4.0200000000000005,0.09722428276441875,0.052872566534818685,0.14573808962296256
4.03,0.09750708440676814,0.05302635988999834,0.14616200605542523
4.04,0.09776909181843935,0.05316884491444202,0.14655475217355857
4.05,0.09804740295351966,0.05332019623932207,0.14697193738690362
4.0600000000000005,0.09832130969767361,0.05346915236574279,0.14738252046854558
4.07,0.09860265071759194,0.05362215140437438,0.14780424744466336
4.08,0.09887336722778589,0.05376937261588984,0.14821004840202984
4.09,0.09913127317332843,0.05390962717861531,0.14859664646927248
4.1,0.09939594120155915,0.05405355910111833,0.14899338082124583
4.11,0.09966733129548627,0.05420114662133506,0.1494001914729364
4.12,0.09992702904281425,0.05434237560275956,0.1497894754305942
4.13,0.10020024533140098,0.0544909562452283,0.15019902352722533
4.14,0.10046668109901763,0.054635849500802185,0.15059840770035185
4.15,0.10074348412702472,0.054786380686008246,0.15101333227841587
4.16,0.10100256768565369,0.054927275658973845,0.1514016955742274
4.17,0.10126653229346938,0.05507082504697388,0.15179737550703143
4.18,0.10153784566930485,0.055218370846312946,0.15220407115917853
4.19,0.10180986478551574,0.05536630044179732,0.1526118247080892
4.2,0.10206717532068044,0.05550623120810155,0.15299753026197477
4.21,0.1023257533488392,0.05564685126318997,0.15338513577338428
4.22,0.10259236817695183,0.05579184189554779,0.15378478835614937
4.23,0.10285547731701178,0.05593492606257053,0.15417918595255636
4.24,0.10311436672194668,0.05607571545076019,0.15456725821419764
4.25,0.10336919699885899,0.05621429740156541,0.15494924588928582
4.26,0.10363250172660665,0.056357487933199404,0.15534393666940324
4.2700000000000005,0.10389627412909985,0.05650093279598813,0.15573932848862362
4.28,0.10415026527230409,0.0566390584086075,0.15612005831186568
4.29,0.10440170742005889,0.05677579782502503,0.15649696722003692
4.3,0.10464966726245023,0.056910643492095375,0.1568686561922342
4.3100000000000005,0.10490716454478721,0.05705067581535663,0.15725464167799846
4.32,0.10516052860286479,0.057188460406174375,0.15763443150779674
4.33,0.1054058725659362,0.05732188350421695,0.15800219930676496
4.34,0.1056552699470838,0.057457510934457806,0.15837604313314227
4.3500000000000005,0.10590278632547584,0.057592115436675535,0.15874706735786856
4.36,0.10614361060887678,0.057723080639866316,0.15910806020862292
4.37,0.10639152575048788,0.057857901997732074,0.15947968217486097
4.38,0.10664906412855762,0.057997956669698716,0.15986572926265918
4.39,0.10688957504402669,0.058128751456956694,0.160226252378462
4.4,0.10713160649148329,0.05826037314081293,0.16058905475435065
4.41,0.10737694335559117,0.05839379237829312,0.16095681191205388
4.42,0.1076215031639764,0.05852678903687404,0.1613234042721024
4.43,0.10786387538907322,0.058658596042626604,0.16168671746978228
4.44,0.10811230882515105,0.05879369925969357,0.16205911635350753
4.45,0.10833163731687395,0.058912974608833456,0.16238788725800488
4.46,0.10855704623594858,0.05903555661954573,0.162725772653668
4.47,0.10877701071884044,0.0591551778337765,0.1630554969016651
4.48,0.10901066641161566,0.0592822446098044,0.1634057441169323
4.49,0.1092396021176002,0.059406744559844564,0.16374891612589965
4.5,0.1094592190351471,0.05952617676088538,0.16407811937741362
4.51,0.10968505057691347,0.05964898860251795,0.16441663827966557
4.5200000000000005,0.10991384740502502,0.05977341302791165,0.1647596021122871
4.53,0.11013607030307992,0.05989426241480233,0.16509271169882406
4.54,0.1103543804915415,0.060012983989664793,0.16541995617836106
4.55,0.11056793228518308,0.060129117851462396,0.16574006787840082
4.5600000000000005,0.11079329142110989,0.060251672789073916,0.16607787864969395
4.57,0.11100372179957585,0.060366109161038246,0.16639331138403016
4.58,0.11122500241464522,0.060486446115042385,0.16672500849913185
4.59,0.11145309389987962,0.060610486960458426,0.16706691503083507
4.6000000000000005,0.11165877812213659,0.060722342274966555,0.1673752333312123
4.61,0.11186141341926287,0.06083253952122008,0.16767898132763545
4.62,0.11206470194800683,0.06094309200827535,0.16798370851079397
4.63,0.11227278573243643,0.06105625225409304,0.16829562372746637
4.64,0.11248034037882804,0.06116912474375229,0.1686067457722623
4.65,0.1126894559556208,0.06128284609949861,0.16892020763390464
4.66,0.11289324616638802,0.06139367141156643,0.16922568683268704
4.67,0.11310460909216069,0.061508614921954606,0.1695425174447871
4.68,0.11330918075092383,0.061619865201530295,0.1698491680251918
4.69,0.11352681612255017,0.06173821979710523,0.17017540096199904
4.7,0.113740316626673,0.06185432576660678,0.17049543577963616
4.71,0.11395138111879782,0.061969106982633325,0.17081181904310586
4.72,0.11415787581357356,0.062081403048782506,0.17112135223253352
4.73,0.11437261662936371,0.06219818352530312,0.17144324626319635
4.74,0.11458413026147152,0.06231320899289891,0.17176030278237164
4.75,0.11479486975512032,0.06242781346806339,0.17207619887683703
4.76,0.11499925236701719,0.06253896094006135,0.17238256607814806
4.7700000000000005,0.1152093428159433,0.06265321245134367,0.17269748926198597
4.78,0.11541645976210602,0.06276584691060742,0.17300795519913706
4.79,0.11562906837209497,0.06288146784971735,0.17332665307765224
4.8,0.11584366960739007,0.06299817241949118,0.17364833787874676
4.8100000000000005,0.11605650782755611,0.06311391822534246,0.17396737994029557
4.82,0.11627752558847959,0.06323411223385075,0.17429868304003435
4.83,0.11649361325993507,0.06335162515821015,0.17462259599195917
4.84,0.11670611882160409,0.06346719005752219,0.1749411394022195
4.8500000000000005,0.11691316845173155,0.06357978790894013,0.17525150443340237
4.86,0.11712401228801078,0.06369444912777525,0.17556755693627948
4.87,0.11734611144710794,0.0638152312228732,0.17590048103953182
4.88,0.11757494157440646,0.0639396737570504,0.17624349478725435
4.89,0.11778708300637775,0.0640550406351366,0.17656149237125585
4.9,0.11800790865904492,0.06417513017122022,0.1768925075029122
4.91,0.11823719539612493,0.0642998210191968,0.17723620570348309
4.92,0.11846471782698659,0.06442355240112986,0.1775772592291799
4.93,0.11869520805819972,0.06454889773399254,0.17792276145371316
4.94,0.11891903193613018,0.06467061776669907,0.17825827089080126
4.95,0.11914038250487835,0.06479099276295404,0.1785900728656688
4.96,0.11936854609549291,0.0649150728207604,0.1789320874825136
4.97,0.11960176406916345,0.06504190155612784,0.17928167856184146
4.98,0.11983111770929944,0.06516662878736364,0.17962547704932924
4.99,0.12006637528765862,0.06529456670175027,0.17997812547279424
