T,mean_f,std_f,J,h,L
0.5,0.0,0.0,1.0,0.2,50
1.0,0.00024000000000000003,9.797958971132712e-05,1.0,0.2,50
1.5,0.00432,0.0005571355310873647,1.0,0.2,50
2.0,0.02608,0.0014333178293735136,1.0,0.2,50
2.2,0.043840000000000004,0.003912237211622015,1.0,0.2,50
2.26,0.05272,0.0011200000000000001,1.0,0.2,50
2.4,0.07048000000000001,0.0027434285119171593,1.0,0.2,50
2.5,0.09528,0.006325061264525428,1.0,0.2,50
3.0,0.22799999999999998,0.014076931483814215,1.0,0.2,50
3.5,0.3564,0.013995999428408101,1.0,0.2,50
4.0,0.38384,0.005766940263259194,1.0,0.2,50
